physics_tick_count,physics_hz,probability,count
1,100.0,0.9382854735659623,26728
2,50.0,0.06038053780804606,1720
3,33.333333333333336,0.0005616794214701959,16
4,25.0,0.0007723092045215193,22
