generation,rank,original_index,cached,is_elite,is_parent,fitness,ranking_key,ranking_progress,progress,dense_progress,time,finished,crashes,timeout,distance,reward,steps,terminated,truncated
1,1,3,0,1,1,4729476.015213386,"[0.0, 4.729478018624442, -2.0034110559425686]",4.729478018624442,2.857142857142857,4.729478018624442,2.0034110559425686,0,0,1,37.81993541121483,1.8674622244207724,94,0,1
1,2,2,0,0,1,1599211.7276467544,"[0.0, 1.5992137363978796, -2.0087511252210533]",1.5992137363978796,0.0,1.5992137363978796,2.0087511252210533,0,0,1,2.1868854147032835,-1.2704307282036253,94,0,1
1,3,1,0,0,0,1565102.8755134854,"[0.0, 1.5651048932756695, -2.017762184216224]",1.5651048932756695,0.0,1.5651048932756695,2.017762184216224,0,0,1,2.3137930325756315,-1.3174125127475074,97,0,1
1,4,0,0,0,0,1356842.2183942404,"[0.0, 1.356844220842634, -2.002448393457794]",1.356844220842634,0.0,1.356844220842634,2.002448393457794,0,0,1,2.539834491442889,-1.5037963412399293,93,0,1
